{
  "project_info": {
    "project_number": "427391278627",
    "project_id": "fbevebatch",
    "storage_bucket": "fbevebatch.appspot.com"
  },
  "client": [
    {
      "client_info": {
        "mobilesdk_app_id": "1:427391278627:android:e2b549392b00e5b8c51b96",
        "android_client_info": {
          "package_name": "com.assignment.loginfirebase"
        }
      },
      "oauth_client": [
        {
          "client_id": "427391278627-ddvqc0aqirrn3bankc2tsg7saip7tseo.apps.googleusercontent.com",
          "client_type": 3
        }
      ],
      "api_key": [
        {
          "current_key": "AIzaSyCSXWHQgLFP6PX1ofP3T0RnkX-ISFNtRG8"
        }
      ],
      "services": {
        "appinvite_service": {
          "other_platform_oauth_client": [
            {
              "client_id": "427391278627-ddvqc0aqirrn3bankc2tsg7saip7tseo.apps.googleusercontent.com",
              "client_type": 3
            }
          ]
        }
      }
    }
  ],
  "configuration_version": "1"
}