{
  "project_info": {
    "project_number": "188014201857",
    "project_id": "loginfirebase-f3daf",
    "storage_bucket": "loginfirebase-f3daf.appspot.com"
  },
  "client": [
    {
      "client_info": {
        "mobilesdk_app_id": "1:188014201857:android:53e9f07dead3f4615c4400",
        "android_client_info": {
          "package_name": "com.assignment.loginfirebase"
        }
      },
      "oauth_client": [
        {
          "client_id": "188014201857-vsunltc0c21qp28mqeu8hq751ph2ph7o.apps.googleusercontent.com",
          "client_type": 1,
          "android_info": {
            "package_name": "com.assignment.loginfirebase",
            "certificate_hash": "1d286e68817727463d60aad2063ea90351655d98"
          }
        },
        {
          "client_id": "188014201857-o2ffjm57ar7dgt55eqtdvkq382au2c1m.apps.googleusercontent.com",
          "client_type": 3
        }
      ],
      "api_key": [
        {
          "current_key": "AIzaSyBB4NV8YN09CXW8U7D5UoqB2OkB-px4vAg"
        }
      ],
      "services": {
        "appinvite_service": {
          "other_platform_oauth_client": [
            {
              "client_id": "188014201857-o2ffjm57ar7dgt55eqtdvkq382au2c1m.apps.googleusercontent.com",
              "client_type": 3
            }
          ]
        }
      }
    }
  ],
  "configuration_version": "1"
}